student,Program Development 2,Algorithms and Control Structures,Position and Movement,Variables
student_01,Convincing Evidence,Extensive Evidence,Convincing Evidence,Extensive Evidence
student_02,Limited Evidence,Convincing Evidence,Limited Evidence,Convincing Evidence
student_03,Convincing Evidence,Extensive Evidence,Extensive Evidence,Extensive Evidence
student_04,Convincing Evidence,Extensive Evidence,Extensive Evidence,Extensive Evidence
student_05,Convincing Evidence,Extensive Evidence,Extensive Evidence,Extensive Evidence
student_06,Limited Evidence,No Evidence,No Evidence,No Evidence
student_07,Limited Evidence,Limited Evidence,No Evidence,Limited Evidence
student_08,Limited Evidence,No Evidence,Limited Evidence,No Evidence
student_09,Extensive Evidence,Extensive Evidence,Extensive Evidence,Extensive Evidence
student_10,Convincing Evidence,Extensive Evidence,Extensive Evidence,Extensive Evidence
student_11,Convincing Evidence,Extensive Evidence,Extensive Evidence,Extensive Evidence
student_12,Convincing Evidence,Extensive Evidence,Convincing Evidence,Extensive Evidence
student_13,Convincing Evidence,Extensive Evidence,Convincing Evidence,Extensive Evidence
student_14,No Evidence,No Evidence,No Evidence,No Evidence
student_15,Extensive Evidence,Extensive Evidence,Convincing Evidence,Extensive Evidence
student_16,Limited Evidence,Extensive Evidence,Extensive Evidence,Extensive Evidence
student_17,Limited Evidence,Convincing Evidence,Limited Evidence,Extensive Evidence
student_18,Limited Evidence,Extensive Evidence,Limited Evidence,Extensive Evidence
student_19,No Evidence,No Evidence,No Evidence,No Evidence
student_20,Limited Evidence,Extensive Evidence,Extensive Evidence,Extensive Evidence
